0,Giving Natural,13
1,Reckless Effect,18
2,Exhausted Internet,20
3,Small Bet,8
4,Jumbo Till,14
5,Dreary Computer,26
6,Capable Apartment,10
7,Amazing Housing,25
8,Green Pressure,25
9,Guarded Bar,9
10,Breezy Ticket,17
11,Snoopy Cut,22
12,Immense Quote,23
13,Giant Body,15
14,Forgetful Go,4
15,Incandescent Physical,4
16,Lame National,2
17,Kooky Solid,24
18,Stupid Air,4
19,Incomparable Orange,6
20,Incredible Sick,27
21,Innocent Till,24
22,Lavish Competition,11
23,Failing Bet,4
24,Ill-Informed Beach,28
25,Another Personal,26
26,Amazing Body,13
27,Demonic Brother,13
28,Natural Revolution,24
29,Growing Air,18
30,Wasteful List,20
31,Wasteful Row,16
32,Federal Sick,9
33,Unimportant Tap,26
34,Careful Magazine,13
35,Offbeat Bottle,29
36,Brainy Solid,11
37,Outlying Offer,10
38,Lovely List,29
39,Tremendous Cut,10
40,Foreign Body,9
41,Agonizing Answer,19
42,Breezy Material,1
43,Incompatible Air,25
44,Ubiquitous Spirit,4
45,Physical Computer,1
46,Unimportant Dependent,1
47,Forgetful Road,4
48,Courteous Tap,21
49,Torn Computer,22
50,Courteous Still,12
51,Unimportant Research,12
52,Giving Memory,14
53,3D Security,19
54,Divergent Employ,27
55,Courageous Possession,21
56,Virtual Sink,23
57,3D Go,16
58,Playful Bar,22
59,Nice Nation,24
60,Playful Philosophy,20
61,Federal Physical,19
62,Clammy Cup,12
63,Well-Made Part,26
64,Devoted Effect,23
65,Anxious Competition,13
66,Small Body,29
67,Innocent Dish,7
68,Amazing Go,4
69,Bland Post,20
70,Clammy Air,30
71,Immense Hospital,26
72,Popular Opinion,29
73,Dangerous Personal,6
74,Incomparable Effect,6
75,Bland Effect,17
76,Amazing Strain,30
77,Deficient Pressure,3
78,Bland Letter,3
79,Chivalrous Other,8
80,Spiky Post,28
81,Capable Other,18
82,Cut Sink,6
83,Federal Strain,22
84,Lackadaisical Magazine,10
85,Sweltering Post,28
86,Former Instruction,3
87,Popular Scratch,23
88,Crabby Objective,18
89,Thick Strain,20
90,Lavish Offer,10
91,Giving National,7
92,Innocent Bet,17
93,Parallel Parent,10
94,Obnoxious Quote,29
95,Asleep Block,23
96,Reckless Computer,1
97,Hearty Bar,26
98,Brainy Bet,28
99,Blue Nose,12
100,Innocent Employee,7
101,Blue Air,5
102,Screeching Ticket,19
103,Physical Research,29
104,Brash Break,22
105,True Still,9
106,Miserable Natural,20
107,Divergent Formal,8
108,Mysterious Effect,13
109,Sweltering Internet,5
110,Careful Representative,19
111,Physical Magazine,17
112,Popular Offer,8
113,Growling Apartment,22
114,Aquatic Material,13
115,Screeching Computer,5
116,Snoopy Bottle,29
117,Wild Orange,1
118,Premium Intention,30
119,Womanly Valuable,26
120,Courteous Brother,2
121,Gullible Competition,6
122,Equable Particular,15
123,Exemplary Cut,19
124,Improbable Air,3
125,Accurate National,14
126,Imperfect Valuable,26
127,Natural Letter,28
128,Premium Green,4
129,Dreary Injury,8
130,Divergent Natural,24
131,Dangerous Recover,10
132,Ill-Informed Tap,19
133,Dangerous Reference,19
134,True Part,9
135,Great Go,17
136,Lackadaisical Letter,2
137,Spiky Dependent,22
138,Growing Material,27
139,Small Till,8
140,Failing Pressure,26
141,Klutzy Security,13
142,Ripe Material,13
143,Careful Other,22
144,Anxious Objective,15
145,Popular Sick,8
146,Longing Loan,1
147,Lumpy Pizza,12
148,Deficient Strain,28
149,Reckless Memory,25
150,Enraged Panic,29
151,Literate Panic,10
152,Steadfast Bottle,9
153,Nice Conflict,30
154,Devoted Memory,5
155,Bland Natural,15
156,Brash Brother,22
157,Cut Tap,18
158,Shaky Assist,3
159,Jovial Loan,24
160,Guarded Answer,8
161,Former Formal,11
162,Foreign Effect,7
163,Amazing Philosophy,10
164,Playful Break,3
165,Spiky Assist,18
166,Lumpy Material,13
167,Imaginative Physical,9
168,Chivalrous Return,20
169,Capable Sink,13
170,Raw Burn,9
171,Growling Hospital,4
172,Untidy Conflict,6
173,Popular Pressure,5
174,Exemplary File,28
175,Improbable Beer,15
176,Incredible Representative,21
177,Imperfect Instruction,1
178,Parallel Offer,7
179,Giant Security,24
180,Absurd Answer,8
181,Suburban Return,13
182,Crabby Computer,2
183,Noteworthy Natural,20
184,Nonchalant Post,23
185,Ordinary Reach,15
186,Longing Conflict,11
187,Stupid Cut,7
188,Charming Post,1
189,Tested Quote,19
190,Mysterious Personal,14
191,Nice Ticket,17
192,Racial Quote,17
193,Cut Bottle,12
194,Agonizing Pressure,12
195,Golden Answer,17
196,Well-Made Recover,16
197,Secondary Sick,23
198,Ethical Atmosphere,10
199,Physical Tap,27
200,Noteworthy Physical,5
201,Supreme Memory,17
202,Shaky Ticket,26
203,Cut Excuse,25
204,Gullible Objective,1
205,Appetizing Cut,8
206,Satisfying Sink,10
207,Popular Part,23
208,Virtual Philosophy,25
209,Satisfying List,13
210,Physical Offer,3
211,Innocent Reach,4
212,Exemplary Personal,29
213,Appetizing Tap,12
214,Haunting Research,23
215,Womanly Spirit,29
216,Growling Nation,26
217,Raw Milk,27
218,Parallel Nose,23
219,Extra-Large Personal,25
220,Careful Valuable,30
221,Growling Tea,12
222,Accurate Reference,10
223,Absurd Personal,11
224,Ripe Competition,17
225,Unimportant Employ,13
226,Brash Nose,26
227,Jobless Offer,2
228,Kooky Atmosphere,23
229,Devoted Possession,7
230,Reckless Apartment,27
231,Well-Made Representative,22
232,Asleep Bar,10
233,Untidy Assist,14
234,Shaggy Tap,20
235,Golden Burn,29
236,Desperate Letter,1
237,Tested Stress,22
238,Noteworthy Part,21
239,Spiky Go,24
240,Lame Magazine,27
241,Triangular Formal,11
242,Sweltering Reference,2
243,Cultivated Conflict,23
244,Untidy List,29
245,Blue Hurry,27
246,Ordinary Intention,14
247,Screeching National,1
248,Untidy Rich,3
249,Steadfast Cup,18
250,Dangerous Revolution,7
251,Chivalrous Perspective,13
252,Desperate Burn,28
253,Brash Injury,7
254,Spiky Tea,19
255,Petty Loan,16
256,Wild Memory,25
257,Demonic Reach,14
258,Failing Still,2
259,Capable Rich,14
260,Jobless Competition,25
261,Prestigious Quote,24
262,Shaky Go,1
263,Lackadaisical Cut,6
264,Cool Offer,19
265,Another Milk,13
266,Diminutive Panic,18
267,Exemplary Bottle,7
268,Crabby Row,3
269,Courageous Part,16
270,Thick Road,9
271,Great File,8
272,Thick Conflict,13
273,Lackadaisical Hurry,4
274,Exhausted Pressure,2
275,Crabby Bet,28
276,Ill-Informed Parent,19
277,Jobless Loan,30
278,Jumbo Still,13
279,Tested Magazine,13
280,Incandescent Body,21
281,Obnoxious Till,30
282,Reckless Spirit,14
283,Lame Girlfriend,3
284,Whirlwind Tea,7
285,Agonizing Offer,12
286,Another Eat,5
287,Breezy Brother,14
288,Supreme Pizza,21
289,Devoted Reach,10
290,Popular Perspective,18
291,Imperfect Natural,3
292,Incredible Scratch,20
293,Growling Brother,5
294,Mysterious National,8
295,Suburban Still,1
296,Anxious Till,4
297,Satisfying Spirit,27
298,Immense Assist,13
299,Nice Break,6
300,Dangerous Letter,18
301,Lackadaisical Air,29
302,Obnoxious Bar,2
303,Asleep Research,11
304,Improbable Brother,18
305,Innocent List,4
306,Improbable Intention,21
307,Dangerous Hospital,19
308,Therapeutic Apartment,22
309,Federal Ticket,8
310,Asleep Cup,9
311,Well-Made Strain,24
312,Outlying Security,24
313,Aquatic Hold,7
314,Dangerous Atmosphere,30
315,Growling List,12
316,Ill-Informed Recover,4
317,Proud Rich,19
318,Asleep Ticket,23
319,Sweltering Panic,22
320,Womanly Hospital,14
321,Spiky Girlfriend,30
322,Capable Wine,18
323,Lackadaisical Sink,22
324,Befitting Tap,26
325,Elegant Possession,2
326,Wasteful Beer,3
327,Shaggy Natural,6
328,Raw Go,26
329,Natural Eat,25
330,Brash Tea,27
331,Proud Cut,23
332,Green Excuse,9
333,Wasteful Sink,4
334,Crabby Dependent,22
335,Popular Employee,1
336,Green Injury,30
337,Imperfect Bar,1
338,Screeching Sink,6
339,Wild Dependent,22
340,Befitting Physical,1
341,Literate Cut,14
342,Ordinary Revolution,19
343,Uninterested Loan,18
344,Dreary Classic,20
345,Screeching Road,5
346,Innocent Loan,15
347,Demonic Solid,4
348,Virtual Air,19
349,Courteous Magazine,13
350,Courageous Till,3
351,Exemplary Reference,21
352,Cut Competition,16
353,Virtual List,11
354,Sweltering Loan,9
355,Divergent Apartment,19
356,Secondary Competition,21
357,Therapeutic Panic,14
358,Shaky Internet,8
359,Longing Cup,26
360,Dimpled Quote,29
361,Lovely Possession,23
362,Lumpy Particular,28
363,Another Burn,17
364,Agonizing Spirit,28
365,Incandescent Rich,10
366,Exemplary List,5
367,Immense National,18
368,Picayune Magazine,22
369,Brash Fact,17
370,Dimpled Security,2
371,Nice Atmosphere,27
372,Lumpy Conflict,18
373,Brainy Hurry,26
374,Screeching Part,2
375,Supreme Go,23
376,Diminutive File,7
377,Nice Personal,21
378,Surprised Eat,29
379,Careful Bottle,27
380,Mysterious Body,27
381,Growing Burn,28
382,Ubiquitous Air,2
383,Nonchalant Sink,3
384,Foreign Particular,4
385,Dreary Answer,10
386,Lame Injury,16
387,Noteworthy Hurry,25
388,Desperate Particular,24
389,Popular Bottle,25
390,Imperfect Quote,1
391,Divergent Spirit,2
392,Sweltering Injury,19
393,Thick Reference,20
394,Dangerous Sick,3
395,Befitting Quote,29
396,Thick Analyst,4
397,Courageous Resolve,18
398,Sweltering Block,13
399,Ubiquitous Solid,13
400,Desperate Housing,23
401,Literate Effect,23
402,Unimportant Fact,20
403,True Ticket,20
404,Lovely Orange,12
405,Jumbo Beer,23
406,Playful Brother,9
407,Immense Burn,25
408,Cut National,1
409,Guarded Panic,21
410,Cut Spirit,16
411,Gullible Strain,17
412,Noteworthy Hospital,23
413,Ripe Classic,13
414,Wild Perspective,14
415,Ripe Reference,26
416,Shaky Injury,10
417,Natural Scratch,12
418,Offbeat Security,8
419,Klutzy Assist,5
420,Popular Philosophy,17
421,Ripe Pizza,4
422,Green Orange,3
423,True Atmosphere,2
424,Haunting Valuable,26
425,Bland Block,8
426,Courageous Hospital,14
427,Capable Analyst,29
428,Thick Opinion,23
429,Hearty Research,12
430,Incompatible Body,7
431,Imperfect Beach,3
432,Brainy Cut,22
433,3D Hurry,9
434,Foreign Assist,1
435,Tested Milk,1
436,Incompatible Answer,30
437,Therapeutic Orange,27
438,Womanly Bar,23
439,Hearty Competition,15
440,Golden Competition,6
441,Noteworthy Particular,8
442,Incomparable Loan,13
443,Former Tea,27
444,Whirlwind Reach,9
445,Absurd Green,6
446,Nonchalant Tea,5
447,Lavish Bar,3
448,Melancholy Sick,4
449,Lumpy Resolve,4
450,Ubiquitous Milk,27
451,Deficient Hold,30
452,Enraged Philosophy,10
453,Obnoxious Ticket,9
454,Anxious Employ,14
455,Ill-Informed Perspective,13
456,Giant Injury,25
457,Green Instruction,30
458,Courteous Reach,2
459,Satisfying Row,30
460,Wasteful Research,5
461,Incompatible Memory,1
462,3D Analyst,15
463,Cultivated Material,4
464,Uninterested Excuse,4
465,Blue Philosophy,17
466,Physical Burn,7
467,Appetizing Till,14
468,Asleep Memory,14
469,Shaky Tea,24
470,Absurd Quote,16
471,Golden Security,18
472,Proud Reach,21
473,Triangular Atmosphere,8
474,Premium Bottle,17
475,Careful Classic,11
476,Chivalrous Scratch,5
477,Snoopy Atmosphere,1
478,Charming Body,25
479,Ripe Sick,25
480,Extra-Large Still,9
481,Surprised Brother,14
482,Ordinary Spirit,29
483,Gullible Offer,18
484,Secondary Air,23
485,Courageous Sick,17
486,Lame Tap,20
487,Lame Quote,23
488,True Scratch,10
489,Raw Employ,3
490,Premium Bet,6
491,Extra-Large Apartment,29
492,Amazing Natural,21
493,Ordinary Security,8
494,Raw Representative,12
495,Capable Tap,11
496,Flying Part,12
497,Obnoxious Magazine,8
498,Sweltering Magazine,17
499,Shaky National,27
500,Lavish Bet,12
501,Flying Body,19
502,Playful Still,13
503,Therapeutic Block,30
504,Petty Letter,21
505,Clammy Bet,28
506,Crabby Panic,11
507,Triangular Other,24
508,Capable Reference,17
509,Womanly Reference,12
510,Immense File,21
511,Incompatible Go,27
512,Uninterested Housing,22
513,Surprised Atmosphere,24
514,Prestigious Formal,22
515,Courteous Pressure,26
516,Lumpy Bet,27
517,Devoted Personal,12
518,Incredible Eat,12
519,Breezy Excuse,17
520,Exhausted Block,7
521,Courageous Beach,26
522,Cut Answer,21
523,Satisfying Employee,19
524,Elegant Memory,22
525,Chivalrous Security,27
526,Cultivated Beer,21
527,Lovely Natural,27
528,Surprised Sick,16
529,Dreary Road,28
530,Incredible Possession,29
531,Cut Scratch,2
532,Deficient Security,28
533,Exemplary Assist,17
534,Lovely Nation,20
535,Befitting Representative,1
536,Appetizing Strain,20
537,Parallel Perspective,12
538,Giving Excuse,24
539,Lanky Brother,15
540,Thick Eat,21
541,Dangerous Employ,12
542,Green Material,20
543,Diminutive Girlfriend,17
544,Befitting Internet,24
545,Nonchalant Physical,24
546,Supreme Bottle,20
547,Incredible Tea,9
548,Reckless Conflict,18
549,Anxious Memory,10
550,Another Answer,4
551,Foreign Security,24
552,Longing File,23
553,Jumbo Ticket,6
554,Great Pressure,26
555,Enraged Housing,16
556,Diminutive Research,1
557,Growing Internet,20
558,Imaginative Computer,24
559,Tremendous Body,10
560,Kooky Conflict,5
561,Lumpy Computer,26
562,Great Spirit,2
563,Incandescent Philosophy,9
564,Wild Dish,26
565,Federal Till,6
566,Secondary Research,9
567,Aquatic Fact,5
568,Ill-Informed Reference,24
569,Natural Stress,25
570,Nonchalant Security,29
571,3D Employee,17
572,Absurd Girlfriend,23
573,Tremendous National,25
574,Breezy Perspective,26
575,Aquatic Solid,2
576,Guarded Conflict,10
577,Tested Memory,25
578,Surprised Objective,1
579,Improbable Injury,5
580,Capable Effect,17
581,Wasteful Till,3
582,Well-Made Housing,21
583,Melancholy Hold,22
584,Chivalrous Tap,23
585,Screeching Material,14
586,Wasteful Loan,28
587,Secondary Ticket,13
588,Screeching Apartment,23
589,Dangerous Dish,28
590,Great Sick,29
591,Breezy Assist,8
592,Triangular Conflict,24
593,Tremendous Return,15
594,Nasty Stress,23
595,Lumpy Hospital,10
596,Noteworthy Offer,18
597,Courteous Go,11
598,Supreme Employ,29
599,Secondary Excuse,18
600,Supreme Beer,1
601,Whirlwind Still,25
602,Mysterious Break,19
603,Diminutive Intention,18
604,Triangular Bottle,4
605,Shaky Dish,26
606,Bland Row,6
607,Lavish Nation,9
608,Ordinary Still,4
609,Failing Security,12
610,Tremendous Employee,21
611,Improbable Memory,4
612,Tested Particular,17
613,Lovely Ticket,12
614,Offbeat Beer,2
615,Appetizing Hold,24
616,Ordinary Green,22
617,Uninterested Nose,20
618,Dangerous Milk,26
619,Kooky Bar,25
620,Womanly Security,11
621,Failing Road,4
622,Whirlwind Scratch,29
623,Befitting Injury,29
624,Straight Conflict,14
625,Therapeutic Reference,22
626,Asleep Opinion,24
627,Lackadaisical Block,3
628,Offbeat Injury,16
629,Longing Panic,11
630,Golden Fact,8
631,Playful Post,28
632,Proud Competition,11
633,Nonchalant Rich,16
634,Great Opinion,26
635,Secondary Bar,17
636,Deficient Sick,30
637,Longing Employee,23
638,Surprised Green,1
639,Growing Resolve,6
640,Careful Stress,9
641,Miserable Tap,26
642,Innocent Hurry,13
643,Exemplary Break,8
644,Literate Representative,15
645,Steadfast Reference,8
646,Gullible Block,10
647,Kooky Go,21
648,Equable Material,23
649,Ordinary Fact,19
650,Jovial Girlfriend,26
651,Crabby Hurry,18
652,Forgetful Memory,13
653,Stupid Natural,10
654,Premium Body,15
655,Lame Sink,11
656,Bland Conflict,8
657,Brash Ticket,26
658,Torn Apartment,16
659,Chivalrous Air,24
660,Petty Tea,15
661,Ordinary Reference,1
662,Extra-Large Parent,25
663,Courteous Block,6
664,Tested Possession,17
665,Aquatic Dependent,12
666,Breezy Answer,6
667,Premium Memory,21
668,Divergent Post,21
669,Lame Atmosphere,10
670,Nice Panic,26
671,Dangerous Sink,9
672,Incomparable Green,9
673,Sweltering Dependent,14
674,Stupid Resolve,3
675,Incredible Green,19
676,Courteous Stress,22
677,Crabby National,23
678,Jovial Solid,12
679,Ordinary List,1
680,Secondary Dependent,26
681,Deficient Scratch,16
682,Parallel Opinion,7
683,Nonchalant Intention,29
684,Clammy Break,12
685,Great Rich,14
686,Incredible Body,28
687,Petty Personal,7
688,Therapeutic Personal,28
689,Stupid Effect,24
690,Nonchalant Material,4
691,True Hurry,20
692,Agonizing Internet,14
693,Giving File,21
694,Jumbo Road,24
695,Golden Wine,29
696,Accurate Quote,14
697,Kooky Opinion,25
698,Melancholy Housing,26
699,Obnoxious Scratch,28
700,Longing Orange,30
701,Spiky Still,2
702,Absurd Rich,25
703,Raw Brother,4
704,Sweltering National,30
705,Aquatic Pressure,27
706,Demonic Competition,12
707,Imperfect Bet,21
708,Chivalrous Memory,2
709,Parallel Fact,18
710,Accurate Internet,14
711,Surprised Ticket,1
712,Spiky Excuse,20
713,Thick Pressure,1
714,Clammy Tap,28
715,Melancholy Loan,1
716,Jobless Conflict,14
717,Hearty Atmosphere,17
718,Womanly Assist,1
719,Enraged Girlfriend,9
720,Absurd Internet,22
721,Racial Orange,18
722,Untidy Employ,12
723,Gullible Sink,22
724,Agonizing Housing,4
725,Cloud Stress,2
726,Proud File,29
727,Asleep Part,11
728,Lavish File,22
729,Screeching Break,8
730,Sweltering Scratch,19
731,Exemplary Possession,13
732,Another Representative,8
733,Charming Natural,15
734,Gullible Wine,28
735,Mysterious Perspective,21
736,Womanly Resolve,14
737,Literate Classic,24
738,Brash Cut,22
739,Incredible Atmosphere,24
740,Giving Nation,2
741,Womanly Housing,4
742,Brainy Employee,26
743,Aquatic Nose,1
744,Shaggy Bottle,21
745,Diminutive Particular,14
746,Haunting Quote,4
747,Gullible Cup,18
748,Courteous Resolve,22
749,Unimportant Go,10
750,Demonic Hurry,6
751,Shaggy Row,4
752,Another Cut,19
753,Imaginative Competition,18
754,Surprised Representative,13
755,Torn Answer,10
756,Extra-Large Magazine,7
757,Exhausted Brother,26
758,Lavish Bottle,25
759,Cloud Girlfriend,8
760,Racial Security,25
761,Longing Scratch,7
762,Dangerous Part,26
763,Spiky Hold,4
764,Befitting Solid,8
765,Uninterested File,1
766,Ordinary Perspective,29
767,Tremendous Magazine,3
768,Divergent Bar,19
769,Playful Strain,14
770,Unimportant Particular,15
771,Guarded Spirit,17
772,Small Objective,24
773,Crabby Particular,13
774,Picayune Go,16
775,Spiky Analyst,10
776,Flying Loan,5
777,Great Computer,15
778,Former Competition,6
779,Equable Employ,23
780,Equable Tea,5
781,Lumpy Reference,10
782,Brash Competition,8
783,Petty Recover,18
784,Obnoxious Conflict,6
785,Sweltering Analyst,1
786,Cool Valuable,26
787,Exemplary Bet,21
788,Capable Nose,5
789,Bland Panic,12
790,Jovial Physical,15
791,Wasteful Bottle,26
792,Immense Stress,14
793,Small Assist,1
794,Nasty Spirit,15
795,Lanky Sink,22
796,Golden Nose,2
797,Divergent Recover,8
798,Diminutive Hold,10
799,Amazing Objective,12
800,Snoopy Instruction,21
801,Lovely Other,13
802,Tested Revolution,5
803,Jovial Quote,19
804,Dimpled Return,19
805,Small Injury,13
806,Amazing Particular,10
807,Wild Bar,19
808,Premium Pizza,1
809,Literate Burn,10
810,Reckless Physical,28
811,Forgetful Resolve,16
812,Secondary Physical,28
813,Parallel Ticket,5
814,Surprised Intention,4
815,Nonchalant Atmosphere,10
816,Petty Parent,23
817,Klutzy Hospital,1
818,Cloud Nation,29
819,Picayune Hold,30
820,Amazing Break,5
821,Melancholy Reference,12
822,Triangular Personal,6
823,Untidy Go,10
824,Supreme Instruction,7
825,Growling National,2
826,Lumpy Brother,8
827,Courageous Milk,6
828,Another Pizza,18
829,Lovely Till,10
830,Picayune Return,16
831,Improbable Opinion,26
832,Enraged Bar,19
833,True Bottle,26
834,Popular Dependent,7
835,Golden Ticket,15
836,Steadfast Dependent,25
837,True Instruction,5
838,Failing Representative,10
839,Wild Panic,10
840,Miserable Tea,27
841,Tested Research,14
842,Straight Competition,9
843,Anxious Break,10
844,Cultivated Atmosphere,17
845,Proud Dish,27
846,Untidy Nation,5
847,Haunting Body,2
848,Dangerous Offer,22
849,Enraged Part,29
850,Nice Bar,30
851,Bland Nose,29
852,Equable Opinion,23
853,Snoopy Still,25
854,Wild Formal,19
855,Growling Stress,3
856,Brainy Employ,15
857,Capable Instruction,17
858,Tremendous Reference,21
859,Lavish Hurry,19
860,Therapeutic Girlfriend,14
861,Improbable Other,4
862,Charming Nation,22
863,Cultivated Cup,20
864,Jumbo Burn,4
865,Dreary Parent,24
866,Knowing Dependent,11
867,Imperfect Fact,16
868,Secondary Formal,3
869,Secondary Strain,20
870,Asleep Letter,30
871,Knowing Hold,9
872,Giant List,9
873,Cut Till,13
874,Natural Bar,17
875,Chivalrous Representative,25
876,Blue Computer,17
877,Flying Nation,11
878,Womanly Milk,14
879,3D Bar,20
880,Parallel Dish,28
881,Flying Tap,11
882,Virtual Dish,24
883,Straight Fact,15
884,Giving Cut,21
885,Nasty Eat,2
886,Growing Milk,4
887,Cultivated Body,28
888,Unimportant Physical,10
889,Shaggy Formal,23
890,Former Research,5
891,Desperate Intention,14
892,Enraged Objective,5
893,Offbeat Computer,3
894,Growing List,11
895,Popular Resolve,9
896,Growling Employee,2
897,Befitting Eat,24
898,Befitting Green,10
899,Shaggy Hospital,19
900,Knowing Burn,8
901,Supreme Research,26
902,Green Effect,10
903,Enraged Return,14
904,Longing Break,6
905,Courageous Pressure,9
906,Therapeutic Milk,20
907,Courageous Atmosphere,3
908,Wasteful Natural,3
909,Nasty Opinion,29
910,Mysterious Quote,15
911,Exhausted Fact,28
912,Triangular Assist,12
913,Guarded Row,3
914,Spiky Particular,1
915,Brash Road,2
916,Brash Possession,21
917,Asleep Burn,6
918,Uninterested Material,7
919,Womanly Natural,12
920,Federal Loan,14
921,Dangerous Loan,25
922,Dreary Assist,28
923,Raw Objective,28
924,Incomparable Intention,27
925,Knowing Competition,11
926,Torn Bottle,9
927,Golden Research,6
928,Outlying Fact,24
929,Parallel Return,14
930,Thick Dependent,7
931,Failing Burn,11
932,Incomparable Till,3
933,3D Offer,30
934,Imperfect Answer,29
935,Crabby Intention,2
936,Blue Bottle,6
937,Forgetful Perspective,18
938,Growling Security,30
939,Blue Competition,10
940,Cut Hospital,3
941,Lanky Magazine,13
942,Green Atmosphere,28
943,Surprised Break,13
944,Wild Strain,9
945,Satisfying Air,16
946,Kooky Internet,5
947,Small Employee,11
948,Jovial Internet,4
949,Imperfect Still,24
950,Asleep Milk,24
951,Jobless Beer,6
952,Uninterested Return,8
953,Divergent Reach,9
954,Green Pizza,28
955,Screeching Offer,6
956,Incandescent Hold,7
957,Clammy Till,2
958,Stupid Loan,17
959,Jobless Material,21
960,Amazing Hospital,27
961,Clammy Classic,19
962,Klutzy Return,14
963,Exemplary Orange,12
964,True Revolution,17
965,Bland Dependent,16
966,Virtual File,29
967,Guarded Revolution,7
968,Kooky Possession,10
969,Lumpy Instruction,7
970,Ordinary Till,11
971,Stupid Nation,21
972,Blue Classic,2
973,Befitting Return,28
974,Incomparable Cut,23
975,Cloud Effect,11
976,Well-Made Row,21
977,Growling Eat,12
978,Tremendous Atmosphere,26
979,Longing Burn,29
980,Proud Personal,1
981,Breezy Housing,28
982,Ubiquitous Material,17
983,Surprised Wine,16
984,Careful Row,29
985,Melancholy Still,26
986,Lumpy Memory,27
987,Courageous Recover,19
988,Haunting Rich,11
989,Premium Stress,15
990,Accurate Housing,26
991,Cloud Nose,16
992,Immense Dependent,10
993,Picayune Brother,12
994,Great Post,24
995,Spiky Computer,24
996,Elegant Letter,10
997,Ubiquitous File,6
998,Lavish Orange,27
999,Accurate File,24
